title,status,category,tags,release_date,price,is_free,platforms,publisher,developer,description,review_summary,deal_name,deal_expiry,image_url,store_url
PUBG: BATTLEGROUNDS,,,"Survival, Shooter, Battle Royale, Multiplayer, FPS, PvP, Third-Person Shooter, Action, Online Co-Op, Tactical, Co-op, First-Person, Strategy, Early Access, Competitive, Third Person, Team-Based, Difficult, Simulation, Stealth","21 Dec, 2017",Free,True,,"KRAFTON, Inc.",PUBG Corporation,"PUBG: BATTLEGROUNDS, the high-stakes winner-take-all shooter that started the Battle Royale craze, is free-to-play! Drop into diverse maps, loot unique weapons and supplies, and survive in an ever-shrinking zone where every turn could be your last.","69% of the 14,331 user reviews in the last 30 days are positive.",,,https://shared.akamai.steamstatic.com/store_item_assets/steam/apps/578080/14f42ab797699a9c9f137fda66582d8776da4330/capsule_231x87.jpg?t=1758255634,https://store.steampowered.com/app/578080/PUBG_BATTLEGROUNDS/?snr=1_7_7_7000_150_1
Europa Universalis V,,,"Resource Management, 4X, Grand Strategy, Trading, Strategy, Historical, Multiplayer, Simulation, Alternate History, Wargame, Immersive Sim, Diplomacy, Economy, 3D, Realistic, Cinematic, Singleplayer, Building, War, Choices Matter","4 Nov, 2025","‚Çπ3,259.00",False,,Paradox Interactive,Paradox Tinto,"Use war, trade or diplomacy to satisfy your grandest ambitions and dominate five centuries of history in the newest version of Europa Universalis, Paradox Interactive's flagship historical grand strategy game.","77% of the 1,695 user reviews in your language are positive",,,https://shared.akamai.steamstatic.com/store_item_assets/steam/apps/3450310/235bf861418bfd8c79db616b6da7d70e08891f64/capsule_231x87_alt_assets_0.jpg?t=1762296010,https://store.steampowered.com/app/3450310/Europa_Universalis_V/?snr=1_7_7_7000_150_1
ARC Raiders,,,"Extraction Shooter, PvP, PvE, Third-Person Shooter, Multiplayer, Post-apocalyptic, Online Co-Op, Shooter, Survival, Sci-fi, Atmospheric, Crafting, Action, Inventory Management, Third Person, Open World, Futuristic, Combat, Realistic, Character Customization","30 Oct, 2025","‚Çπ2,467.00",False,,Embark Studios,Embark Studios,"ARC Raiders is a multiplayer extraction adventure, set in a lethal future earth, ravaged by a mysterious mechanized threat known as ARC.","90% of the 30,400 user reviews in your language are positive",,,https://shared.akamai.steamstatic.com/store_item_assets/steam/apps/1808500/542a243d39bd7ed791359be9e96c82f419b81475/capsule_231x87.jpg?t=1761855189,https://store.steampowered.com/app/1808500/ARC_Raiders/?snr=1_7_7_7000_150_1
Counter-Strike 2,,,"FPS, Shooter, Multiplayer, Competitive, Action, Team-Based, eSports, Tactical, First-Person, PvP, Online Co-Op, Co-op, Strategy, Military, War, Difficult, Trading, Realistic, Fast-Paced, Moddable","21 Aug, 2012",Free,True,,Valve,Valve,"For over two decades, Counter-Strike has offered an elite competitive experience, one shaped by millions of players from across the globe. And now the next chapter in the CS story is about to begin. This is Counter-Strike 2.","81% of the 83,875 user reviews in the last 30 days are positive.",,,https://shared.akamai.steamstatic.com/store_item_assets/steam/apps/730/capsule_231x87.jpg?t=1749053861,https://store.steampowered.com/app/730/CounterStrike_2/?snr=1_7_7_7000_150_1
Apex Legends‚Ñ¢,,,"Free to Play, Multiplayer, Battle Royale, FPS, Shooter, First-Person, PvP, Action, Hero Shooter, Team-Based, Tactical, Sci-fi, Loot, Survival, Co-op, Character Customization, Funny, Lore-Rich, Cyberpunk, Cinematic","4 Nov, 2020",Free,True,,Electronic Arts,Respawn,"Apex Legends is the award-winning, free-to-play Hero Shooter from Respawn Entertainment. Master an ever-growing roster of legendary characters with powerful abilities, and experience strategic squad play and innovative gameplay in the next evolution of Hero Shooter and Battle Royale.","66% of the 4,652 user reviews in the last 30 days are positive.",,,https://shared.akamai.steamstatic.com/store_item_assets/steam/apps/1172470/33d4b71b2b9c8eb837b7ea5f6c5d12ca3501ea27/capsule_231x87.jpg?t=1762344569,https://store.steampowered.com/app/1172470/Apex_Legends/?snr=1_7_7_7000_150_1
Battlefield‚Ñ¢ 6,,,"FPS, Multiplayer, Action, Singleplayer, Military, War, Shooter, Modern, Epic, Realistic, Combat, Tactical, Battle Royale, Destruction, PvP, Violent, Atmospheric, Co-op, Sandbox, Story Rich","10 Oct, 2025","‚Çπ3,999.00",False,,Electronic Arts,Battlefield Studios,"The ultimate all-out warfare experience. In a war of tanks, fighter jets, and massive combat arsenals, your squad is the deadliest weapon.","72% of the 89,112 user reviews in your language are positive",,,https://shared.akamai.steamstatic.com/store_item_assets/steam/apps/2807960/d7ae078e0a543a97ff5a5d72165999535b0b1cdc/capsule_231x87.jpg?t=1762193857,https://store.steampowered.com/app/2807960/Battlefield_6/?snr=1_7_7_7000_150_1
Football Manager 26,,,"Simulation, Sports, Strategy, Football (Soccer), Multiplayer, Singleplayer, Management, Psychological Horror","4 Nov, 2025","‚Çπ4,499.00",False,,SEGA,Sports Interactive,Step into the dugout and experience the future of football management.,"23% of the 2,138 user reviews in your language are positive",,,https://shared.akamai.steamstatic.com/store_item_assets/steam/apps/3551340/89a157ed8100b4c8fa49de9fda0b3a83aece1f5e/capsule_231x87.jpg?t=1762339168,https://store.steampowered.com/app/3551340/Football_Manager_26/?snr=1_7_7_7000_150_1
Dispatch,,,"Choices Matter, Story Rich, Nudity, Sexual Content, Superhero, Singleplayer, Strategy, Comedy, Choose Your Own Adventure, Action, Romance, Funny, Episodic, Point & Click, Cinematic, Comic Book, Indie, Adventure, Soundtrack, LGBTQ+","22 Oct, 2025","‚Çπ1,300.00",False,,AdHoc Studio,AdHoc Studio,"Dispatch is a superhero workplace comedy where choices matter. Manage a dysfunctional team of misfit heroes and strategize who to send to emergencies around the city, all while balancing office politics, personal relationships, and your own quest to become a hero. Episodes 1 - 4 out now.","93% of the 14,068 user reviews in your language are positive",,,https://shared.akamai.steamstatic.com/store_item_assets/steam/apps/2592160/925ffa7e3699d5c9c1369be5d4c3369f0e907e00/capsule_231x87.jpg?t=1761753863,https://store.steampowered.com/app/2592160/Dispatch/?snr=1_7_7_7000_150_1
Steam Deck,,,,"17 Jan, 2025",,,,,,,,,,https://shared.akamai.steamstatic.com/store_item_assets/steam/apps/1675200/capsule_231x87.jpg?t=1758925710,https://store.steampowered.com/app/1675200/Steam_Deck/?snr=1_7_7_7000_150_1
RV There Yet?,,,"Multiplayer, Co-op, Funny, Adventure, Online Co-Op, Physics, First-Person, Exploration, Driving, 3D, Atmospheric, Offroad, Indie, Casual, Stylized, Character Customization, Action, Psychological Horror, Singleplayer, Horror","21 Oct, 2025",‚Çπ400.00,False,,Nuggets Entertainment,Nuggets Entertainment,A co-op adventure about driving your Recreational Vehicle home.,"86% of the 9,299 user reviews in your language are positive",,,https://shared.akamai.steamstatic.com/store_item_assets/steam/apps/3949040/05b77bc86d227612ded8e54753063e43c44698c4/capsule_231x87.jpg?t=1761681404,https://store.steampowered.com/app/3949040/RV_There_Yet/?snr=1_7_7_7000_150_1
Crusader Kings III,,,"Strategy, Medieval, Grand Strategy, Simulation, RPG, Historical, Management, Character Customization, Life Sim, Sandbox, Choices Matter, RTS, War, Singleplayer, Economy, Political, Moddable, 4X, Multiplayer, Real-Time with Pause","1 Sep, 2020",‚Çπ809.00,False,,Paradox Interactive,Paradox Development Studio,"Love, fight, scheme, and claim greatness. Determine your noble house‚Äôs legacy in the sprawling grand strategy of Crusader Kings III. Death is only the beginning as you guide your dynasty‚Äôs bloodline in the rich and larger-than-life simulation of the Middle Ages.","80% of the 1,376 user reviews in the last 30 days are positive.  This product has experienced one or more periods of off-topic review activity.  Based on your preferences, the reviews within these periods have been excluded from this product's Review Score.",,WEEKEND DEAL! Offer ends in,https://shared.akamai.steamstatic.com/store_item_assets/steam/apps/1158310/b76010eb887fe55afa5ba6350c127d9d3be21ccd/capsule_231x87_alt_assets_11.jpg?t=1762165597,https://store.steampowered.com/app/1158310/Crusader_Kings_III/?snr=1_7_7_7000_150_1
Escape From Duckov,,,"Adventure, Action, Extraction Shooter, Top-Down Shooter, Looter Shooter, Shooter, Third-Person Shooter, Exploration, Survival, Cute, Base Building, Top-Down, Cartoon, Gun Customization, Funny, Action-Adventure, RPG, Roguelite, Action Roguelike, Indie","16 Oct, 2025","‚Çπ1,144.00",False,,bilibili,Team Soda,"Escape from Duckov is a PVE indie survival RPG ‚Äî in a duck's world!. Scavenge for resources, build your hideout, and upgrade your gear in the world of Duckov. Start from nothing and rise to the top. Outwit hostile ducks, survive, or make it out alive.","95% of the 4,859 user reviews in your language are positive",,,https://shared.akamai.steamstatic.com/store_item_assets/steam/apps/3167020/3c797aea37aa81aea663767e432236418bc1ce82/capsule_231x87.jpg?t=1761625160,https://store.steampowered.com/app/3167020/Escape_From_Duckov/?snr=1_7_7_7000_150_1
Battlefield‚Ñ¢ REDSEC,,,"Free to Play, Action, FPS, Multiplayer, Singleplayer, Military, War, Shooter, Modern, Epic, Realistic, Battle Royale, Combat, Tactical, Destruction, Atmospheric, Violent, PvP, Co-op, Sandbox","28 Oct, 2025",Free,True,,Electronic Arts,Battlefield Studios,"Now entering REDSEC, the ultimate free-to-play FPS destination built on Battlefield‚Äôs iconic DNA. Featuring Battle Royale, Gauntlet, & the power of Portal.","44% of the 7,791 user reviews in your language are positive",,,https://shared.akamai.steamstatic.com/store_item_assets/steam/apps/3028330/f7ec6648f9de149b098b8b9674aa99a0b1c284c8/capsule_231x87.jpg?t=1762193310,https://store.steampowered.com/app/3028330/Battlefield_REDSEC/?snr=1_7_7_7000_150_1
R.E.P.O.,,,"Horror, Online Co-Op, Multiplayer, Comedy, Co-op, Physics, First-Person, 3D, Stealth, Action, Robots, Survival, Exploration, Procedural Generation, Action Roguelike, Funny, Post-apocalyptic, Perma Death, Sci-fi, Early Access","26 Feb, 2025",‚Çπ312.00,False,,semiwork,semiwork,"An online co-op horror game with up to 6 players. Locate valuable, fully physics-based objects and handle them with care as you retrieve and extract to satisfy your creator's desires.","93% of the 10,690 user reviews in the last 30 days are positive.",,WEEKEND DEAL! Offer ends 13 November,https://shared.akamai.steamstatic.com/store_item_assets/steam/apps/3241660/16b5d82c9290f3d880ddefc1d1048943240949fd/capsule_231x87_alt_assets_1.jpg?t=1761906910,https://store.steampowered.com/app/3241660/REPO/?snr=1_7_7_7000_150_1
Football Manager 26 In-Game Editor,,,"Strategy, Simulation, Sports, Football (Soccer), Multiplayer, Singleplayer, Management","4 Nov, 2025",‚Çπ699.00,False,,SEGA,Sports Interactive,,7% of the 305 user reviews for this game are positive.,,,https://shared.akamai.steamstatic.com/store_item_assets/steam/apps/3551410/fc529c1a969c900a2cb42a0620a7c15ebef888a1/capsule_231x87.jpg?t=1762272152,https://store.steampowered.com/app/3551410/Football_Manager_26_InGame_Editor/?snr=1_7_7_7000_150_1
Clair Obscur: Expedition 33,,,,"24 Apr, 2025","‚Çπ2,399.00",False,,,,,,,,https://shared.akamai.steamstatic.com/store_item_assets/steam/apps/1903340/001d4a5d81e4bb9055b789240e78e04ef6e6da38/capsule_231x87.jpg?t=1761303074,https://store.steampowered.com/app/1903340/Clair_Obscur_Expedition_33/?snr=1_7_7_7000_150_1
ARC Raiders - Upgrade to Deluxe Edition,,,Action,"30 Oct, 2025","‚Çπ1,233.00",False,,Embark Studios,Embark Studios,,86% of the 139 user reviews for this game are positive.,,,https://shared.akamai.steamstatic.com/store_item_assets/steam/apps/3948510/977e4f3d5d1bdd5d60d097bdfd0e44a21dddec71/capsule_231x87.jpg?t=1761816660,https://store.steampowered.com/app/3948510/ARC_Raiders__Upgrade_to_Deluxe_Edition/?snr=1_7_7_7000_150_1
Warframe,,,,"25 Mar, 2013",Free,True,,,,,,,,https://shared.akamai.steamstatic.com/store_item_assets/steam/apps/230410/75b31abf9c1b62d78e5e6c83a44c05ef390e0fe2/capsule_231x87.jpg?t=1760556657,https://store.steampowered.com/app/230410/Warframe/?snr=1_7_7_7000_150_1
Dota 2,,,"Free to Play, MOBA, Multiplayer, Strategy, eSports, Team-Based, Competitive, Action, Online Co-Op, PvP, Difficult, Co-op, RTS, RPG, Tower Defense, Fantasy, Character Customization, Replay Value, Action RPG, Simulation","9 Jul, 2013",Free,True,,Valve,Valve,"Every day, millions of players worldwide enter battle as one of over a hundred Dota heroes. And no matter if it's their 10th hour of play or 1,000th, there's always something new to discover. With regular updates that ensure a constant evolution of gameplay, features, and heroes, Dota 2 has taken on a life of its own.","72% of the 20,761 user reviews in the last 30 days are positive.",,,https://shared.akamai.steamstatic.com/store_item_assets/steam/apps/570/capsule_231x87.jpg?t=1757000652,https://store.steampowered.com/app/570/Dota_2/?snr=1_7_7_7000_150_1
Umamusume: Pretty Derby,,,"Anime, Horses, Gambling, Free to Play, Cute, Roguelite, Sports, Racing, Roguelike, Simulation, Management, Funny, Visual Novel, 3D, Singleplayer, Great Soundtrack, PvP, Story Rich, Dating Sim, Horror","24 Jun, 2025",Free,True,,"Cygames, Inc.","Cygames, Inc.",Umamusume: Pretty Derby is ready to race! Scout featured trainees and supporters as you navigate the immersive sports life simulation through the game's in-depth training system and top-of-the-line 3D graphics!,"91% of the 2,174 user reviews in the last 30 days are positive.",,,https://shared.akamai.steamstatic.com/store_item_assets/steam/apps/3224770/8ec1b9ecbdf9af10a1c21aaf1b2a2f3be58bf097/capsule_231x87.jpg?t=1760517179,https://store.steampowered.com/app/3224770/Umamusume_Pretty_Derby/?snr=1_7_7_7000_150_1
Farming Simulator 25,,,"Simulation, Farming Sim, Realistic, Multiplayer, 3D, First-Person, Time Management, Economy, Immersive Sim, Third Person, Building, Management, Atmospheric, Relaxing, Nature, Online Co-Op, Farming, Physics, Singleplayer, Moddable","12 Nov, 2024","‚Çπ1,999.00",False,,GIANTS Software,GIANTS Software,"Farming Simulator 25 invites you to join the rewarding farm life, single-handedly or cooperatively in multiplayer. This Farm is Your Farm!","91% of the 1,126 user reviews in the last 30 days are positive.",,,https://shared.akamai.steamstatic.com/store_item_assets/steam/apps/2300320/capsule_231x87.jpg?t=1761296764,https://store.steampowered.com/app/2300320/Farming_Simulator_25/?snr=1_7_7_7000_150_1
EA SPORTS FC‚Ñ¢ 26,,,"Football (Soccer), Sports, Simulation, Multiplayer, Singleplayer, Competitive, Controller, Realistic, Online Co-Op, Local Co-Op, Local Multiplayer, PvP, Family Friendly, eSports, Modern, Open World, Co-op, LGBTQ+, Horror","25 Sep, 2025","‚Çπ3,998.00",False,,Electronic Arts,"EA Canada, EA Romania","The Club is Yours in EA SPORTS FC‚Ñ¢ 26. Play your way with an overhauled gameplay experience powered by community feedback, Manager Live Challenges that bring fresh storylines to the new season, and Archetypes inspired by greats of the game.","40% of the 6,714 user reviews in the last 30 days are positive.",,SPECIAL PROMOTION! Offer ends 10 November,https://shared.akamai.steamstatic.com/store_item_assets/steam/apps/3405690/abca0fd9695521a046d407327d82f808162315f7/capsule_231x87.jpg?t=1761904811,https://store.steampowered.com/app/3405690/EA_SPORTS_FC_26/?snr=1_7_7_7000_150_1
Red Dead Redemption 2,,,"Open World, Story Rich, Western, Multiplayer, Adventure, Action, Realistic, Singleplayer, Shooter, Horses, Beautiful, Atmospheric, Mature, Third-Person Shooter, Great Soundtrack, Third Person, Gore, Sandbox, First-Person, FPS","5 Dec, 2019","‚Çπ1,539.00",False,,Rockstar Games,Rockstar Games,"Arthur Morgan and the Van der Linde Gang are outlaws on the run. With federal agents and bounty hunters massing on their heels, the gang must rob, steal, and fight their way across the rugged heartland in order to survive.","94% of the 11,470 user reviews in the last 30 days are positive.",,SPECIAL PROMOTION! Offer ends 13 November,https://shared.akamai.steamstatic.com/store_item_assets/steam/apps/1174180/capsule_231x87.jpg?t=1759502961,https://store.steampowered.com/app/1174180/Red_Dead_Redemption_2/?snr=1_7_7_7000_150_1
Rust,,,"Survival, Crafting, Multiplayer, Open World, Open World Survival Craft, Building, PvP, Sandbox, Adventure, First-Person, Action, Nudity, FPS, Shooter, Co-op, Online Co-Op, Indie, Post-apocalyptic, Early Access, Simulation","8 Feb, 2018","‚Çπ1,020.00",False,,Facepunch Studios,Facepunch Studios,"The only aim in Rust is to survive. Everything wants you to die - the island‚Äôs wildlife, other inhabitants, the environment, and other survivors. Do whatever it takes to last another night.","83% of the 10,661 user reviews in the last 30 days are positive.",,SPECIAL PROMOTION! Offer ends in,https://shared.akamai.steamstatic.com/store_item_assets/steam/apps/252490/21aac0b6e20e1ba12f635e7deb730e32a51afbd5/capsule_231x87.jpg?t=1761667247,https://store.steampowered.com/app/252490/Rust/?snr=1_7_7_7000_150_1
NBA 2K26,,,"Gambling, Sports, Basketball, Simulation, eSports, 3D, PvP, Management, Singleplayer, Character Customization, Controller, Multiplayer, Team-Based, Online Co-Op, Immersive Sim, Trading, Co-op, Sexual Content, Local Multiplayer, Local Co-Op","4 Sep, 2025","‚Çπ2,299.00",False,,2K,Visual Concepts,"Bragging rights are on the line in MyCAREER, MyTEAM, MyNBA, The W, and Play Now. Showcase your bag of moves with hyper realism, Powered by ProPLAY‚Ñ¢, and challenge your friends, or rivals, in NBA 2K26‚Äôs competitive modes‚Äîand leave no doubt that you wear the crown.","54% of the 1,493 user reviews in the last 30 days are positive.",,SPECIAL PROMOTION! Offer ends 8 November,https://shared.akamai.steamstatic.com/store_item_assets/steam/apps/3472040/85138a5e265c37f8c529e7187102e8753bd92527/capsule_231x87_alt_assets_0.jpg?t=1761580807,https://store.steampowered.com/app/3472040/NBA_2K26/?snr=1_7_7_7000_150_1
Age of Empires IV: Anniversary Edition,,,"Strategy, RTS, Base Building, Multiplayer, War, Singleplayer, Medieval, Resource Management, City Builder, Historical, Action RTS, PvP, PvE, Co-op, 3D, Management, Isometric, Open World, Online Co-Op, Mature","28 Oct, 2021","‚Çπ1,299.00",False,,Xbox Game Studios,"World's Edge, Relic Entertainment, Forgotten Empires, Climax Studios","Celebrating its first year of delighting millions of global players, the award-winning and best-selling strategy franchise continues with Age of Empires IV: Anniversary Edition, putting you at the center of even more epic historical battles that shaped the world.",82% of the 960 user reviews in the last 30 days are positive.,,,https://shared.akamai.steamstatic.com/store_item_assets/steam/apps/1466860/capsule_231x87.jpg?t=1762295217,https://store.steampowered.com/app/1466860/Age_of_Empires_IV_Anniversary_Edition/?snr=1_7_7_7000_150_1
Anno 117: Pax Romana,,,"Strategy, Simulation, City Builder, RTS, Sandbox, Building, Choose Your Own Adventure, Exploration, Economy, Historical, Management, Political, Choices Matter, Resource Management, Story Rich, Singleplayer, Multiplayer, Online Co-Op, Rome","13 Nov, 2025","‚Çπ4,199.00",False,,Ubisoft,Ubisoft Mainz,"Shape the Roman Empire in this genre-defining strategic builder game. Build cities while expanding your influence through Roman provinces. Govern using economic prowess, diplomatic skills, or military might.",No user reviews,,,https://shared.akamai.steamstatic.com/store_item_assets/steam/apps/3274580/2a50b884fd1739a68165fc41af8130197f6c57a4/capsule_231x87.jpg?t=1761340333,https://store.steampowered.com/app/3274580/Anno_117_Pax_Romana/?snr=1_7_7_7000_150_1
INAZUMA ELEVEN: Victory Road,,,"Sports, Football (Soccer), RPG, Collectathon, PvP, Competitive, Anime, 3D, Character Customization, Story Rich, Action, Deckbuilding, Tactical, Drama, Singleplayer, Emotional, Multiplayer, Football (American), Immersive, JRPG","13 Nov, 2025","‚Çπ5,827.00",False,,LEVEL5 Inc.,LEVEL5 Inc.,"The latest entry in the character collection and football simulation RPG series, ""Inazuma Eleven!"" With an original story featuring new main characters, over 5,400 players from across the series' history to collect and train, as well as exciting online tournaments, you can play the game your way!",No user reviews,,,https://shared.akamai.steamstatic.com/store_item_assets/steam/apps/2799860/9ee2aa35c24c19588eec70c6f7ff94f6efa26b1f/capsule_231x87.jpg?t=1761614051,https://store.steampowered.com/app/2799860/INAZUMA_ELEVEN_Victory_Road/?snr=1_7_7_7000_150_1
Call of Duty¬Æ: Black Ops 7,,,,"13 Nov, 2025","‚Çπ5,999.00",False,,,,,,,,https://shared.akamai.steamstatic.com/store_item_assets/steam/apps/3606480/e265efebec95c52bb0c662532a51b6bdf45ccd37/capsule_231x87.jpg?t=1762282163,https://store.steampowered.com/app/3606480/Call_of_Duty_Black_Ops_7/?snr=1_7_7_7000_150_1
Dead by Daylight,,,,"14 Jun, 2016","‚Çπ1,159.00",False,,,,,,,,https://shared.akamai.steamstatic.com/store_item_assets/steam/apps/381210/capsule_231x87.jpg?t=1760636583,https://store.steampowered.com/app/381210/Dead_by_Daylight/?snr=1_7_7_7000_150_1
Age of Empires IV: Dynasties of the East,,,"Strategy, Historical","4 Nov, 2025","‚Çπ1,199.00",False,,Xbox Game Studios,"Relic Entertainment, Forgotten Empires, Climax Studios, World's Edge",,65% of the 161 user reviews for this game are positive.,,,https://shared.akamai.steamstatic.com/store_item_assets/steam/apps/3067190/8174af700122303ded5b7006d789e5ddd5fef525/capsule_231x87.jpg?t=1762279204,https://store.steampowered.com/app/3067190/Age_of_Empires_IV_Dynasties_of_the_East/?snr=1_7_7_7000_150_1
Tavern Keeper üçª,,,"Early Access, Simulation, Management, Funny, Fantasy, Choose Your Own Adventure, Isometric, 3D, Interactive Fiction, Singleplayer, Comedy, Strategy, Economy, Sandbox, Building, Colorful, Stylized, Casual, Cute, Cooking","3 Nov, 2025","‚Çπ1,051.00",False,,Greenheart Games üíö,Greenheart Games üíö,"From the creators of Game Dev Tycoon comes Tavern Keeper üçª, a cosy-chaotic management sim, featuring a powerful decoration sandbox and a magical storybook RPG!",95% of the 403 user reviews for this game are positive.,,SPECIAL PROMOTION! Offer ends 17 November,https://shared.akamai.steamstatic.com/store_item_assets/steam/apps/436780/ce5a851d599448045cb5439b223ff89f24248465/capsule_231x87.jpg?t=1762343337,https://store.steampowered.com/app/436780/Tavern_Keeper/?snr=1_7_7_7000_150_1
Lies of P,,,,"18 Sep, 2023","‚Çπ1,850.00",False,,,,,,,,https://shared.akamai.steamstatic.com/store_item_assets/steam/apps/1627720/capsule_231x87.jpg?t=1754552654,https://store.steampowered.com/app/1627720/Lies_of_P/?snr=1_7_7_7000_150_1
The Outer Worlds 2,,,"RPG, Action RPG, Singleplayer, Exploration, First-Person, Open World, Adventure, Action, Sci-fi, Violent, Choices Matter, Character Customization, Capitalism, Gore, Story Rich, Third Person, Dystopian, CRPG, Space, Shooter","29 Oct, 2025","‚Çπ5,499.00",False,,Xbox Game Studios,Obsidian Entertainment,The Outer Worlds 2 is the sequel to the award-winning first-person sci-fi RPG from Obsidian Entertainment.,"79% of the 2,311 user reviews in your language are positive",,,https://shared.akamai.steamstatic.com/store_item_assets/steam/apps/1449110/da980550b308768b5a9b3ba451e3e25ed00aae06/capsule_231x87.jpg?t=1761760147,https://store.steampowered.com/app/1449110/The_Outer_Worlds_2/?snr=1_7_7_7000_150_1
Season 1 Battlefield Pro - Battlefield‚Ñ¢ 6 and REDSEC,,,"Action, FPS, Multiplayer, War, Military, Singleplayer, Shooter, Modern, Epic, Realistic, Combat, Tactical, Destruction, Battle Royale, Atmospheric, Violent, PvP, Co-op, Sandbox","28 Oct, 2025","‚Çπ1,399.00",False,,Electronic Arts,Battlefield Studios,,26% of the 311 user reviews for this game are positive.,,,https://shared.akamai.steamstatic.com/store_item_assets/steam/apps/3880840/192ce3ca3455f313fd3749ed849b2d1bca8a5e78/capsule_231x87.jpg?t=1762194593,https://store.steampowered.com/app/3880840/Season_1_Battlefield_Pro__Battlefield_6_and_REDSEC/?snr=1_7_7_7000_150_1
Path of Exile,,,"Free to Play, Dark Fantasy, Action RPG, Hack and Slash, Loot, MMORPG, Multiplayer, Dungeon Crawler, Isometric, RPG, Character Customization, Online Co-Op, Singleplayer, Inventory Management, Action, PvP, Horror, Massively Multiplayer, Fantasy, Adventure","23 Oct, 2013",Free,True,,Grinding Gear Games,Grinding Gear Games,"You are an Exile, struggling to survive on the dark continent of Wraeclast, as you fight to earn power that will allow you to exact your revenge against those who wronged you. Path of Exile is an online Action RPG set in a dark fantasy world. The game is completely free and will never be pay-to-win.","88% of the 1,200 user reviews in the last 30 days are positive.",,,https://shared.akamai.steamstatic.com/store_item_assets/steam/apps/238960/8cbe814df913f93fad6ea33e5f3af6a95a8201ab/capsule_231x87.jpg?t=1761681686,https://store.steampowered.com/app/238960/Path_of_Exile/?snr=1_7_7_7000_150_1
Farming Simulator 25: Highlands Fishing Expansion,,,"Simulation, Farming Sim, Realistic, 3D, First-Person, Immersive Sim, Time Management, Economy, Multiplayer, Third Person, Building, Management, Atmospheric, Relaxing, Nature, Online Co-Op, Farming, Physics, Singleplayer, Moddable","4 Nov, 2025","‚Çπ1,979.00",False,,GIANTS Software,GIANTS Software,,64% of the 142 user reviews for this game are positive.,,,https://shared.akamai.steamstatic.com/store_item_assets/steam/apps/3453970/faa3c533dad770e087a116f03085520c0fc39701/capsule_231x87.jpg?t=1762261225,https://store.steampowered.com/app/3453970/Farming_Simulator_25_Highlands_Fishing_Expansion/?snr=1_7_7_7000_150_1
Sid Meier's Civilization VII,,,"Grand Strategy, Historical, 4X, Simulation, Military, Diplomacy, Multiplayer, Strategy, Economy, War, Turn-Based Tactics, City Builder, Tactical, Singleplayer, Alternate History, Hex Grid, Turn-Based Strategy, Political Sim, Stylized, PvP","10 Feb, 2025","‚Çπ2,599.00",False,,2K,Firaxis Games,The award-winning strategy game franchise returns with a revolutionary new chapter. Sid Meier's Civilization¬Æ VII empowers you to build the greatest empire the world has ever known!,52% of the 723 user reviews in the last 30 days are positive.,,SPECIAL PROMOTION! Offer ends 17 November,https://shared.akamai.steamstatic.com/store_item_assets/steam/apps/1295660/ce5280f62fb3d555b4914208879cfb1dcb60cb63/capsule_231x87_alt_assets_2.jpg?t=1762277940,https://store.steampowered.com/app/1295660/Sid_Meiers_Civilization_VII/?snr=1_7_7_7000_150_1
Once Human,,,"Free to Play, Survival, Open World Survival Craft, Adventure, Post-apocalyptic, Co-op, Multiplayer, Massively Multiplayer, Base Building, Third Person, Open World, PvP, Horror, RPG, Shooter, Online Co-Op, Action-Adventure, Singleplayer, Simulation, MMORPG","9 Jul, 2024",Free,True,,Starry Studio,Starry Studio,"Once Human is a multiplayer open-world survival game set in a strange, post-apocalyptic future. Unite with friends to fight monstrous enemies, uncover secret plots, compete for resources, and build your own territory. Once, you were merely human. Now, you have the power to remake the world.","91% of the 5,954 user reviews in the last 30 days are positive.",,,https://shared.akamai.steamstatic.com/store_item_assets/steam/apps/2139460/9223ef1187bb9399be11d28537bf3e975b2e7ca1/capsule_231x87.jpg?t=1761817318,https://store.steampowered.com/app/2139460/Once_Human/?snr=1_7_7_7000_150_1
War Thunder,,,"Free to Play, Simulation, Vehicular Combat, Combat, World War II, Flight, VR, War, Military, Tanks, Multiplayer, Naval Combat, Massively Multiplayer, Modern, Cold War, Shooter, Action, Realistic, Third Person, Third-Person Shooter","15 Aug, 2013",Free,True,,Gaijin Network Ltd,Gaijin Entertainment,"War Thunder is the most comprehensive free-to-play, cross-platform, MMO military game dedicated to aviation, armoured vehicles, and naval craft, from the early 20th century to the most advanced modern combat units. Join now and take part in major battles on land, in the air, and at sea.","73% of the 9,381 user reviews in the last 30 days are positive.  This product has experienced one or more periods of off-topic review activity.  Based on your preferences, the reviews within these periods have been excluded from this product's Review Score.",,,https://shared.akamai.steamstatic.com/store_item_assets/steam/apps/236390/019a2d6b67747f719793df0d241ba81cda31a674/capsule_231x87.jpg?t=1761756693,https://store.steampowered.com/app/236390/War_Thunder/?snr=1_7_7_7000_150_1
Digimon Story Time Stranger,,,"RPG, JRPG, Creature Collector, Party-Based RPG, Anime, Collectathon, 3D, Cute, Fantasy, Time Travel, Pixel Graphics, Emotional, Alternate History, Turn-Based Combat, Modern, Mythology, Character Customization, Singleplayer, Story Rich, Team-Based","2 Oct, 2025","‚Çπ3,999.00",False,,Bandai Namco Entertainment Inc.,Media.Vision Inc.,"The latest in the Digimon Story series is finally here! In this RPG, unravel a mystery that spans across the human world and the Digital World, collecting and raising a wide variety of Digimon to save the world.","90% of the 7,105 user reviews in the last 30 days are positive.",,,https://shared.akamai.steamstatic.com/store_item_assets/steam/apps/1984270/150fc2146dfdaf16243b81bd82bcc4ebc059113b/capsule_231x87.jpg?t=1759485332,https://store.steampowered.com/app/1984270/Digimon_Story_Time_Stranger/?snr=1_7_7_7000_150_1
Assassin‚Äôs Creed Shadows,,,"Action, Adventure, Open World, Ninja, Female Protagonist, Stealth, Combat, Assassin, 3D, Singleplayer, RPG, Action-Adventure, Action RPG, Swordplay, Third Person, Violent, Parkour, Exploration, Story Rich, Cinematic","19 Mar, 2025","‚Çπ2,939.00",False,,Ubisoft,"Ubisoft Quebec, Ubisoft Belgrade, Ubisoft Bordeaux, Ubisoft Bucharest & Craiova, Ubisoft Chengdu, Ubisoft Montpellier, Ubisoft Montreal, Ubisoft Osaka, Ubisoft Philippines, Ubisoft Shanghai, Ubisoft Singapore, Ubisoft Sofia, Ubisoft Ukraine",Experience an epic action-adventure story set in feudal Japan! Become a lethal shinobi assassin and powerful legendary samurai as you explore a beautiful open world in a time of chaos.,"69% of the 1,138 user reviews in the last 30 days are positive.",,SPECIAL PROMOTION! Offer ends 9 November,https://shared.akamai.steamstatic.com/store_item_assets/steam/apps/3159330/fe6c8f40f405c8bb3a05788d1316ebd8e3c31b6a/capsule_231x87.jpg?t=1762330669,https://store.steampowered.com/app/3159330/Assassins_Creed_Shadows/?snr=1_7_7_7000_150_1
Marvel Rivals,,,"Free to Play, Multiplayer, Hero Shooter, Third-Person Shooter, Superhero, PvP, Action, Team-Based, Competitive, Shooter, 3D, Sexual Content, Strategy, Third Person, Online Co-Op, Co-op, Sci-fi, FPS, Psychological Horror, MOBA","5 Dec, 2024",Free,True,,NetEase Games,NetEase Games,"Marvel Rivals is a Super Hero Team-Based PVP Shooter! Assemble an all-star Marvel squad, devise countless strategies by combining powers to form unique Team-Up skills and fight in destructible, ever-changing battlefields across the continually evolving Marvel universe!","63% of the 6,161 user reviews in the last 30 days are positive.",,,https://shared.akamai.steamstatic.com/store_item_assets/steam/apps/2767030/f77a7018444fbf8bd96dd79de42b4f5d6603d236/capsule_231x87.jpg?t=1760151360,https://store.steampowered.com/app/2767030/Marvel_Rivals/?snr=1_7_7_7000_150_1
Street Fighter‚Ñ¢ 6,,,"2D Fighter, Fighting, Character Customization, Arcade, Multiplayer, Action, Competitive, PvP, Adventure, Singleplayer, eSports, Local Multiplayer, Open World, Controller, Martial Arts, 3D, Action RPG, Great Soundtrack, Mature, LGBTQ+","1 Jun, 2023","‚Çπ1,249.00",False,,"CAPCOM Co., Ltd.","CAPCOM Co., Ltd.","Here comes Capcom‚Äôs newest challenger! Street Fighter‚Ñ¢ 6 launches worldwide on June 2nd, 2023 and represents the next evolution of the Street Fighter‚Ñ¢ series! Street Fighter 6 spans three distinct game modes, including World Tour, Fighting Ground and Battle Hub.","80% of the 1,046 user reviews in the last 30 days are positive.",,SPECIAL PROMOTION! Offer ends 11 November,https://shared.akamai.steamstatic.com/store_item_assets/steam/apps/1364780/e84f9e9e2a0e6aacbfe5261af89c29be5d3d3f37/capsule_231x87_alt_assets_17.jpg?t=1761116384,https://store.steampowered.com/app/1364780/Street_Fighter_6/?snr=1_7_7_7000_150_1
NARAKA: BLADEPOINT,,,"Battle Royale, Multiplayer, Martial Arts, Mature, PvP, Action, Female Protagonist, Character Customization, Fighting, Massively Multiplayer, Survival, Third Person, Swordplay, Hack and Slash, Anime, Parkour, Adventure, Free to Play, Violent, Gore","11 Aug, 2021",Free,True,,NetEase Games Global,24 Entertainment,"Dive into the legends of the Far East in NARAKA: BLADEPOINT; team up with friends in fast-paced melee fights for a Battle Royale experience unlike any other. Find your playstyle with a varied cast of heroes with unique skills. More than 20 million players have already joined the fray, play free now!","62% of the 1,758 user reviews in the last 30 days are positive.  This product has experienced one or more periods of off-topic review activity.  Based on your preferences, the reviews within these periods have been excluded from this product's Review Score.",,,https://shared.akamai.steamstatic.com/store_item_assets/steam/apps/1203220/9524b3fef44295f98af47c1014f92fc7d9c5a3ad/capsule_231x87.jpg?t=1762333104,https://store.steampowered.com/app/1203220/NARAKA_BLADEPOINT/?snr=1_7_7_7000_150_1
FINAL FANTASY XIV Online,,,,"18 Feb, 2014",‚Çπ719.00,False,,,,,,,,https://shared.akamai.steamstatic.com/store_item_assets/steam/apps/39210/2e45b2f419d0beed57ba1ff1d80a13d31f947d54/capsule_231x87.jpg?t=1760606311,https://store.steampowered.com/app/39210/FINAL_FANTASY_XIV_Online/?snr=1_7_7_7000_150_1
Sid Meier‚Äôs Civilization¬Æ VI,,,"Strategy, Turn-Based Strategy, Multiplayer, Historical, Grand Strategy, Singleplayer, Turn-Based, 4X, City Builder, War, Simulation, Tactical, Management, Building, Online Co-Op, Moddable, Great Soundtrack, Co-op, Hex Grid, Atmospheric","20 Oct, 2016",‚Çπ249.00,False,,"2K, Aspyr (Mac), Aspyr (Linux)","Firaxis Games, Aspyr (Mac), Aspyr (Linux)","Expand your empire, advance your culture and go head-to-head against history‚Äôs greatest leaders. Will your civilization stand the test of time?","89% of the 1,197 user reviews in the last 30 days are positive.",,SPECIAL PROMOTION! Offer ends 17 November,https://shared.akamai.steamstatic.com/store_item_assets/steam/apps/289070/capsule_231x87.jpg?t=1740607040,https://store.steampowered.com/app/289070/Sid_Meiers_Civilization_VI/?snr=1_7_7_7000_150_1
Delta Force,,,"Free to Play, FPS, Extraction Shooter, Massively Multiplayer, Singleplayer, Shooter, Co-op, Action, PvP, PvE, Gun Customization, First-Person, Looter Shooter, Multiplayer, Online Co-Op, Tactical, Hero Shooter, Military, Co-op Campaign, Team-Based","4 Dec, 2024",Free,True,,TiMi Studio Group,Team Jade,"Delta Force is back! The iconic series returns as the definitive free-to-play modern team-based tactical shooter and featuring three distinct gameplay modes: large-scale PvP warfare, intense extraction shooter action, and a remake of the legendary Black Hawk Down campaign.","31% of the 9,281 user reviews in the last 30 days are positive.",,,https://shared.akamai.steamstatic.com/store_item_assets/steam/apps/2507950/53b464f7e7f878d096b89577f0e8d234b2280963/capsule_231x87_alt_assets_5.jpg?t=1762324707,https://store.steampowered.com/app/2507950/Delta_Force/?snr=1_7_7_7000_150_1
Baldur's Gate 3,,,,"3 Aug, 2023","‚Çπ2,999.00",False,,,,,,,,https://shared.akamai.steamstatic.com/store_item_assets/steam/apps/1086940/3dd81008e9c385caf68152450c22353f6a8abec9/capsule_231x87.jpg?t=1759825106,https://store.steampowered.com/app/1086940/Baldurs_Gate_3/?snr=1_7_7_7000_150_1
VEIN,,,"Early Access, Survival, Open World, Zombies, Exploration, Post-apocalyptic, RPG, Base Building, Co-op, Simulation, Survival Horror, Crafting, Immersive Sim, Action, Sandbox, Multiplayer, Dark, Character Customization, Third-Person Shooter, Action RPG","24 Oct, 2025",‚Çπ880.00,False,,Ramjet Studios,Ramjet Studios,"VEIN is a post-apocalyptic survival multiplayer sandbox game. Gather supplies to survive, explore abandoned buildings, defend your home, and rebuild society, whether alone or with friends.","91% of the 1,922 user reviews in your language are positive",,,https://shared.akamai.steamstatic.com/store_item_assets/steam/apps/1857950/a91648a3cbcf3cf55837439c42feb2879449eab0/capsule_231x87.jpg?t=1761862207,https://store.steampowered.com/app/1857950/VEIN/?snr=1_7_7_7000_150_1
